{
  "elasticsearch": {
    "max_depth": {
      "longest_chain": 7,
      "avg_max_depth": 2.1646973277585895,
      "avg_all_depth": 2.1671006944444446,
      "pct_chains_gt_5": 0.14467592592592593
    },
    "bifurcation": {
      "avg_fixes_per_bug": 1.2182298957847255,
      "pct_multiple_fixes": 15.710063773526208,
      "max_fixes": 11
    },
    "velocity": {
      "median_days": 165.0,
      "avg_days": 408.82219951462514,
      "p95_days": 1696.5999999999995,
      "pct_fixed_7days": 12.351513603269893
    }
  },
  "jabref": {
    "max_depth": {
      "longest_chain": 5,
      "avg_max_depth": 2.2171875,
      "avg_all_depth": 2.26025641025641,
      "pct_chains_gt_5": 0.0
    },
    "bifurcation": {
      "avg_fixes_per_bug": 1.1729518855656698,
      "pct_multiple_fixes": 13.263979193758127,
      "max_fixes": 5
    },
    "velocity": {
      "median_days": 240.0,
      "avg_days": 570.760532150776,
      "p95_days": 2321.749999999997,
      "pct_fixed_7days": 3.325942350332594
    }
  },
  "junit": {
    "max_depth": {
      "longest_chain": 4,
      "avg_max_depth": 2.140096618357488,
      "avg_all_depth": 2.1508620689655173,
      "pct_chains_gt_5": 0.0
    },
    "bifurcation": {
      "avg_fixes_per_bug": 1.1054852320675106,
      "pct_multiple_fixes": 8.860759493670885,
      "max_fixes": 4
    },
    "velocity": {
      "median_days": 203.0,
      "avg_days": 493.51526717557255,
      "p95_days": 1912.1999999999996,
      "pct_fixed_7days": 6.106870229007633
    }
  },
  "keycloak": {
    "max_depth": {
      "longest_chain": 6,
      "avg_max_depth": 2.352124183006536,
      "avg_all_depth": 2.3779661016949154,
      "pct_chains_gt_5": 0.4519774011299435
    },
    "bifurcation": {
      "avg_fixes_per_bug": 1.3225235849056605,
      "pct_multiple_fixes": 22.93632075471698,
      "max_fixes": 6
    },
    "velocity": {
      "median_days": 280.5,
      "avg_days": 717.0915178571429,
      "p95_days": 2926.099999999994,
      "pct_fixed_7days": 5.133928571428571
    }
  },
  "pulsar": {
    "max_depth": {
      "longest_chain": 5,
      "avg_max_depth": 2.1374233128834357,
      "avg_all_depth": 2.132264529058116,
      "pct_chains_gt_5": 0.0
    },
    "bifurcation": {
      "avg_fixes_per_bug": 1.1961414790996785,
      "pct_multiple_fixes": 12.64737406216506,
      "max_fixes": 35
    },
    "velocity": {
      "median_days": 297.0,
      "avg_days": 499.2741935483871,
      "p95_days": 1676.0,
      "pct_fixed_7days": 4.121863799283155
    }
  },
  "spring-boot": {
    "max_depth": {
      "longest_chain": 9,
      "avg_max_depth": 2.2695156695156693,
      "avg_all_depth": 2.3153846153846156,
      "pct_chains_gt_5": 0.728744939271255
    },
    "bifurcation": {
      "avg_fixes_per_bug": 1.3132424109106908,
      "pct_multiple_fixes": 17.905851297844258,
      "max_fixes": 35
    },
    "velocity": {
      "median_days": 225.0,
      "avg_days": 424.4917867918203,
      "p95_days": 1583.8000000000002,
      "pct_fixed_7days": 5.363727790814616
    }
  }
}